[
  {
    "name": "portfolio",
    "fields": [
      {
        "name": "Title",
        "type": "text",
        "description": "Portfolio project title",
        "options": null
      },
      {
        "name": "Image",
        "type": "text",
        "description": "Portfolio image URL",
        "options": null
      },
      {
        "name": "Description",
        "type": "text",
        "description": "Portfolio project description",
        "options": null
      },
      {
        "name": "Link",
        "type": "text",
        "description": "Optional project link",
        "options": null
      },
      {
        "name": "Status",
        "type": "text",
        "description": "Status active or inactive",
        "options": [
          "active",
          "inactive"
        ]
      }
    ]
  },
  {
    "name": "testimonial",
    "fields": [
      {
        "name": "Name",
        "type": "text",
        "description": "Customer name",
        "options": null
      },
      {
        "name": "Photo",
        "type": "text",
        "description": "Customer photo URL",
        "options": null
      },
      {
        "name": "Content",
        "type": "text",
        "description": "Testimonial content",
        "options": null
      },
      {
        "name": "Status",
        "type": "text",
        "description": "Status active or inactive",
        "options": [
          "active",
          "inactive"
        ]
      }
    ]
  },
  {
    "name": "package",
    "fields": [
      {
        "name": "Name",
        "type": "text",
        "description": "Package name",
        "options": null
      },
      {
        "name": "Price",
        "type": "text",
        "description": "Package price",
        "options": null
      },
      {
        "name": "Description",
        "type": "text",
        "description": "Package description",
        "options": null
      },
      {
        "name": "Features",
        "type": "array",
        "description": "Package features list",
        "options": null
      },
      {
        "name": "Status",
        "type": "text",
        "description": "Status active or inactive",
        "options": [
          "active",
          "inactive"
        ]
      }
    ]
  },
  {
    "name": "order",
    "fields": [
      {
        "name": "CustomerName",
        "type": "text",
        "description": "Customer name",
        "options": null
      },
      {
        "name": "Email",
        "type": "text",
        "description": "Customer email",
        "options": null
      },
      {
        "name": "WhatsApp",
        "type": "text",
        "description": "Customer WhatsApp number",
        "options": null
      },
      {
        "name": "PackageName",
        "type": "text",
        "description": "Selected package name",
        "options": null
      },
      {
        "name": "Notes",
        "type": "text",
        "description": "Order notes",
        "options": null
      },
      {
        "name": "Status",
        "type": "text",
        "description": "Order status",
        "options": [
          "pending",
          "done"
        ]
      }
    ]
  }
]